{
    "train": {
        "loss": 0.09551562368869781,
        "step": 9400.0,
        "lr": 0.0010000000474974513
    },
    "epoch": 89,
    "step": 9434,
    "val": {
        "synth": {
            "loss": 0.216940239071846,
            "psds1_sed_scores_eval": 0.3137622949110667,
            "intersection_f1_macro": 0.551103880902932,
            "event_f1_macro": 0.3614935874938965
        },
        "obj_metric": 0.551103880902932
    },
    "test": {
        "psds1_psds_eval": 0.22868332917129341,
        "psds1_sed_scores_eval": 0.23456200421150386,
        "psds2_psds_eval": 0.37544030678604945,
        "psds2_sed_scores_eval": 0.38773347145339765,
        "event_f1_macro": 0.3582327663898468,
        "intersection_f1_macro": 0.537034788045762,
        "loss": 0.1609324961900711
    }
}
