{
    "train": {
        "loss_strong": 0.13727013766765594,
        "loss_weak": 0.03534337878227234,
        "total_loss": 0.17261351644992828,
        "step": 6480.0,
        "lr": 0.0010000000474974513
    },
    "epoch": 100,
    "step": 6500,
    "val": {
        "synth": {
            "loss": 0.11020070314407349,
            "psds1_sed_scores_eval": 0.26503829438408805,
            "intersection_f1_macro": 0.5721378451277722,
            "event_f1_macro": 0.3642685115337372
        },
        "obj_metric": 0.5721378451277722
    },
    "test": {
        "psds1_psds_eval": 0.3287377770717099,
        "psds1_sed_scores_eval": 0.3436834980582837,
        "psds2_psds_eval": 0.5659592815906064,
        "psds2_sed_scores_eval": 0.5980755523595467,
        "event_f1_macro": 0.44300195574760437,
        "intersection_f1_macro": 0.6426554227887503,
        "loss": 0.12901870906352997
    }
}
