{
    "train": {
        "loss": 0.17712271213531494,
        "step": 23800.0,
        "lr": 0.00039917021058499813
    },
    "epoch": 28,
    "step": 23828,
    "val": {
        "synth": {
            "loss": 0.2129690945148468,
            "psds1_sed_scores_eval": 0.2562861883045091,
            "intersection_f1_macro": 0.5362514410312423,
            "event_f1_macro": 0.34318482875823975
        },
        "obj_metric": 0.5362514410312423
    },
    "hp_metric": 0.23503003961453225,
    "test": {
        "psds1_psds_eval": 0.11231942774786802,
        "psds1_sed_scores_eval": 0.11628175545833695,
        "psds2_psds_eval": 0.23503003961453225,
        "psds2_sed_scores_eval": 0.2495746302914238,
        "event_f1_macro": 0.20514513552188873,
        "intersection_f1_macro": 0.3643369405674506,
        "loss": 0.20442472398281097
    }
}
