{
    "train": {
        "loss": 0.17170122265815735,
        "step": 3760.0,
        "lr": 1.2076472557964735e-05
    },
    "epoch": 3,
    "step": 3760,
    "val": {
        "synth": {
            "loss": 0.26016485691070557,
            "psds1_sed_scores_eval": 0.0,
            "intersection_f1_macro": 0.24794914323507336,
            "event_f1_macro": 0.028146805241703987
        },
        "obj_metric": 0.24794914323507336
    },
    "hp_metric": 0.0,
    "test": {
        "psds1_psds_eval": 0.0,
        "psds1_sed_scores_eval": 0.0,
        "psds2_psds_eval": 0.0,
        "psds2_sed_scores_eval": 0.0,
        "event_f1_macro": 0.014753246679902077,
        "intersection_f1_macro": 0.43644379132990446,
        "loss": 0.22979119420051575
    }
}
