step	hp_metric
0	0.050704395122894284
8750	0.050704395122894284
