step	hp_metric
0	0.012636248486206168
6	0.012636248486206168
