step	hp_metric
0	0.23503003961453225
23828	0.23503003961453225
