step	hp_metric
0	0.39322439247966945
12660	0.39322439247966945
