step	loss
0	0.703840434551239
1	0.6040607690811157
2	0.6014964580535889
3	0.6053544878959656
4	0.5896114706993103
5	0.5888862013816833
