step	lr
0	0.0010000000474974513
1	6.741183369740611e-06
2	6.742801815562416e-06
3	6.744420716131572e-06
4	6.746040071448078e-06
5	6.747659881511936e-06
